name,kategori,price,stock,soldout,image,sold
CAT:KOTAK GULUNG UNTUK BRAINROT,KOTAK GULUNG UNTUK BRAINROT,0,0,YA,KOTAK GULUNG BRAINROT DISPLAY.png,0
CAT:BLOCK KEBERUNTUNGAN LEDAKAN DAYA,BLOCK KEBERUNTUNGAN LEDAKAN DAYA,0,0,YA,BLOCK KEBERUNTUNGAN LEDAKAN DAYA DISPLAY.png,0
CAT:Grow A Garden 2,Grow A Garden 2,0,0,YA,GAG 2 DISPLAY.png,0
CAT:be flash for brainrot,be flash for brainrot,0,0,YA,BE FALSH DISPLAY.png,0
CAT:BUILD A BASE AND STEAL,BUILD A BASE AND STEAL,0,0,YA,BABAS DISPLAY.png,0
CAT:NAIK DAN JATUHKAN BLOCK KEBERUNTUNGAN,NAIK DAN JATUHKAN BLOCK KEBERUNTUNGAN,0,0,YA,NAIK DAN JATUHKAN BLOCK KEBERUNTUNGAN DISPLAY.png,0
CAT:drill for brainrot,drill for brainrot,0,0,YA,Screenshot 2026-04-18 103423.png,0
CAT:Swing obby for brainrot,Swing obby for brainrot,0,0,YA,Screenshot 2026-04-14 011113.png,0
CAT:CAPYBARA VS TANAMAN,CAPYBARA VS TANAMAN,0,0,YA,CAPYBARA VS TANAMAN DISPLAY.png,0
CAT:+1 KEKUATAN MENUMBUHKAN LENGAN ANDA,+1 KEKUATAN MENUMBUHKAN LENGAN ANDA,0,0,YA,+1 MENUMBUHKAN LENGAN DISPLAY.png,0
CAT:STEAL A EGG,STEAL A EGG,0,0,YA,STEAL A EGG DISPLAY.png,0
CAT:BECOME A BRAINROT(MENJADI BRAINROT),BECOME A BRAINROT(MENJADI BRAINROT),0,0,YA,BECOME A BRAINROT DISPLAY.png,0
CAT:di dalam kepala brainrot,di dalam kepala brainrot,0,0,YA,di dalam kepala brainrot.png,0
CAT:BE MONKEY FOR BRAINROT,BE MONKEY FOR BRAINROT,0,0,YA,BE MONKEY DISPLAY.png,0
CAT:TARIK TELUR,TARIK TELUR,0,0,YA,,0
CAT:LEPAR KOIN,LEPAR KOIN,0,0,YA,LEMPAR KOIN FOR BRAINROT DISPLAY.png,0
CAT:SWING WEB FOR LUCKY BLOCK,SWING WEB FOR LUCKY BLOCK,0,0,YA,SWING WEB DISPLAY.png,0
CAT:JATUH FOR BRAINROT,JATUH FOR BRAINROT,0,0,YA,JATUH FOR BRAINROT DISPLAY.png,0
CAT:BRAIN BLAST FOR LUCKY BLOCK,BRAIN BLAST FOR LUCKY BLOCK,0,0,YA,BRAIN BLAST DISPLAY.png,0
CAT:+ 1 MINE PER KLICK,+ 1 MINE PER KLICK,0,0,YA,MINE PER KLICK DISPLAY.png,0
CAT:steal a brainrot,steal a brainrot,0,0,YA,Screenshot 2026-04-14 161623.png,0
CAT:token,token,0,0,YA,,0
CAT:RUSH LUCKY BLOCK,RUSH LUCKY BLOCK,0,0,YA,RUSH LUCKY BLOCK DISPLAY.png,0
CAT:tendang block keberuntungan,tendang block keberuntungan,0,0,YA,Screenshot 2026-04-16 192032.png,0
CAT:AYAM GORENG,AYAM GORENG,0,0,YA,,0
CAT:Katalog Kosong 6,Katalog Kosong 6,0,0,YA,Screenshot 2026-04-14 004434.png,0
CAT:Katalog Kosong 7,Katalog Kosong 7,0,0,YA,Screenshot 2026-04-14 004434.png,0
KOTAK GULUNG UNTUK BRAINROT - 1 BRAINROT RANDOM LV MAX  500SX+/S(TERGANTUNG),KOTAK GULUNG UNTUK BRAINROT,10000,50,,ROLL CASE BRAINROT MECHA CERBERUS 40SX.png,324
KOTAK GULUNG UNTUK BRAINROT - 1 BRAINROT RANDOM LV MAX  1SP+/S(TERGANTUNG),KOTAK GULUNG UNTUK BRAINROT,15000,5,,ROLL CASE BRAINROT 1SP RANDOM BRAINROT.png,575
block keberuntungan ledakan daya - 1 BRAINROT RANDOM ILAHI TDC/s+,BLOCK KEBERUNTUNGAN LEDAKAN DAYA,10000,10,,BLOCK KEBERUNTUNGAN LEDAKAN DAYA TDC.png,400
block keberuntungan ledakan daya - 1 BRAINROT RANDOM OMEGA QADC/s+,BLOCK KEBERUNTUNGAN LEDAKAN DAYA,15000,10,,BLOCK KEBERUNTUNGAN LEDAKAN DAYA QADC.png,400
Grow A Garden 2 - DAPAT 1 STAR FRUIT SEED,Grow A Garden 2,30000,0,YA,,8
Grow A Garden 2 - DAPAT 1 SUN BLOOM SEED,Grow A Garden 2,20000,2,,,8
Grow A Garden 2 - DAPAT 4 MOON BLOOM SEED (PROMO TERBATAS),Grow A Garden 2,10000,4,,,1198
Grow A Garden 2 - DAPAT 4 HYPNO BLOOM SEED (PROMO TERBATAS),Grow A Garden 2,10000,10,,,152
Grow A Garden 2 - DAPAT 2 DRAGON BRETH SEED,Grow A Garden 2,10000,7,,,3043
Grow A Garden 2 - DAPAT 4 VENOM SEED,Grow A Garden 2,10000,10,,,500
Grow A Garden 2 - DAPAT 3 GHOST PAPER SEED,Grow A Garden 2,10000,10,,,154
Grow A Garden 2 - DAPAT 2 VENUS FLY TRAP SEED,Grow A Garden 2,10000,0,YA,,100
Grow A Garden 2 - DAPAT 1 PET BALD EAGLE (MYTIC),Grow A Garden 2,10000,3,,,10
Grow A Garden 2 - DAPAT 1 PET UNICORN (MYTIC),Grow A Garden 2,10000,10,,,10
Grow A Garden 2 - DAPAT 1 PET BEAR (MYTIC),Grow A Garden 2,10000,5,,,10
Grow A Garden 2 - DAPAT 1 DRAGONFLY (MYTIC),Grow A Garden 2,10000,0,YA,,10
Grow A Garden 2 - DAPAT 10 MEGA SEED,Grow A Garden 2,10000,10,,,1000
Grow A Garden 2 - DAPAT 300m sheckless(duit gag2)via buah,Grow A Garden 2,15000,10,,,943
Grow A Garden 2 - DAPAT 1B sheckless(duit gag2)via buah,Grow A Garden 2,30000,3,,,546
Grow A Garden 2 - DAPAT 15 SUPER SPRINKLE (GEAR),Grow A Garden 2,10000,20,,,200
Grow A Garden 2 - DAPAT 15 SUPER WATERING (GEAR),Grow A Garden 2,10000,20,,,200
be flash for brainrot - 1 BRAINROT RANDOM 10QI/S,be flash for brainrot,10000,10,,"flash brainrot brainrot random10qi.png,",2858
be flash for brainrot - 1 GOD ESOK SEKOLA 50%,be flash for brainrot,10000,10,YA,flash brainrot esok god 55PERSEN.png,2858
build a base and steal - 1 YETI OG(INFERNO) 1B/S,BUILD A BASE AND STEAL,15000,0,YA,BUILD AND STEAL BASE YETI INFERNO 1B.png,176
NAIK DAN JATUHKAN BLOCK KEBERUNTUNGAN - 1 BRAINROT MASTODONTIK OMNIVERSE (HACKER) 700SP+/s,NAIK DAN JATUHKAN BLOCK KEBERUNTUNGAN,15000,10,,NAIK DAN JATUHKAN BLOCK OMNIVERSE MASTORDENTIK LV MAX 700SP.png,20
NAIK DAN JATUHKAN BLOCK KEBERUNTUNGAN - 1 BRAINROT CAPTAIN MOBY OMNIVERSE (HACKER) 300SP/s,NAIK DAN JATUHKAN BLOCK KEBERUNTUNGAN,10000,5,,NAIK DAN JATUHKAN BLOCK OMINVERSE KAPTAIN MOBY LV MAX 300SP.png,130
drill for brainrot - 1 ketupat kepat inf/s(tamat),drill for brainrot,15000,50,,Screenshot 2026-04-18 102335.png,595
drill for brainrot - 2 ketupat kepat inf/s(tamat),drill for brainrot,25000,50,,Screenshot 2026-04-18 102335.png,595
drill for brainrot - 1 MY EXAME 16M/s duit bulan,drill for brainrot,15000,50,,DRILL BRAINROT MY EXAME 16M S.png,225
drill for brainrot - 2 NUCLEARO 16M/s duit bulan,drill for brainrot,25000,50,,DRILL BRAINROT MY EXAME 16M S.png,225
Swing obby for brainrot - naga sepuh lv 500.000(langsung tamat),Swing obby for brainrot,15000,0,YA,Screenshot 2026-04-14 055828.png,127
CAPYBARA VS TANAMAN - 1 ANGEL CAPYBARA TITAN 600K DPS,CAPYBARA VS TANAMAN,15000,0,YA,CAPYBARA VS TANAMAN ANGEL CAPYBARA TITAN 600K DPS.png,286
CAPYBARA VS TANAMAN - 1 SHINIGAMI CAPYBARA TITAN 1.3M DPS,CAPYBARA VS TANAMAN,30000,0,YA,CAPYBARA VS TANAMAN SHINIGAMI CAPYBARA TITAN 1.3M DPS.png,152
KEKUATAN MENUMBUHKAN LENGAN ANDA - 1 BRAINROT SOVEREIGN RANDOM 500O+/S,+1 KEKUATAN MENUMBUHKAN LENGAN ANDA,10000,10,,GROW ARM SOVEREIGN RANDOM 3O S.png,527
KEKUATAN MENUMBUHKAN LENGAN ANDA - 1 BRAINROT SOVEREIGN RANDOM 1N+/S,+1 KEKUATAN MENUMBUHKAN LENGAN ANDA,15000,10,,GROW ARM SVOREGIN RANDOM 1 N.png,600
STEAL A EGG - 1 PET RANDOM 100M/S+,STEAL A EGG,15000,10,YA,STEAL A EGG PET RANDOM 100M.png,127
BECOME A BRAINROT - 1 BRAINROT STELLAR RANDOM LV MAX(500),BECOME A BRAINROT(MENJADI BRAINROT),10000,10,,BECOME BRAINROT STELLAR RANDOM LV MAX.png,100
BECOME A BRAINROT - UP LV MAX 2 BRAINROT BEBAS,BECOME A BRAINROT(MENJADI BRAINROT),10000,99999,,BECOME A BRAINROT DISPLAY.png,50
di dalam kepala brainrot - 1 ABADI RANDOM 1sp/s+,di dalam kepala brainrot,15000,10,,INSIDE BRAINROT HEAD ETERHNAL 1SP.png,1000
di dalam kepala brainrot - 2 ABADI RANDOM 1sp/s+,di dalam kepala brainrot,20000,10,,INSIDE BRAINROT HEAD ETERHNAL 1SP.png,500
di dalam kepala brainrot - 1 ABADI RANDOM 1sx/s+,di dalam kepala brainrot,10000,0,YA,inside brainrot head abadi 1sx.png,340
di dalam kepala brainrot - 2 ABADI RANDOM 1sx/s+,di dalam kepala brainrot,15000,0,YA,inside brainrot head abadi 1sx.png,340
BE MONKEY FOR BRAINROT - DAPAT 1 BRAINROT ALMIGHTY 69 1SXI/S LV MAX,BE MONKEY FOR BRAINROT,10000,10,,BE MONKEY 69 1 SX ALGMYTI.png,100
BE MONKEY FOR BRAINROT - DAPAT 2 BRAINROT ALMIGHTY 69 1SXI/S LV MAX,BE MONKEY FOR BRAINROT,15000,10,,BE MONKEY 69 1 SX ALGMYTI.png,100
TARIK TELUR DISPLAY,TARIK TELUR,0,0,YA,https://drive.google.com/thumbnail?id=12IRXlILXGrTF2AOWJoH9NvGmvZgPnT_8&sz=w1000,0
TARIK TELUR - 1 OG  NAGA 5M/S,TARIK TELUR,10000,10,,https://drive.google.com/thumbnail?id=18tnNoZETnLUz5mwzCxhIEQZiT1s1alIc&sz=w1000,20
TARIK TELUR - 1 TRANSENDENT  BERUANG 30M/S,TARIK TELUR,30000,2,,https://drive.google.com/thumbnail?id=1_s2ETUP8PE7Ez-nU-YTQHtWqTU2ItOR_&sz=w1000,4
LEPAR KOIN - DAPAT 10 SUN PALACE (SOVEREIGN) 239 DD TERGANTUNG LUCK UANG,LEPAR KOIN,10000,10,,LEMPAR KOIN SUN PALACE(SOVEREIGN)239 DD.png,100
LEPAR KOIN - DAPAT 20 SUN PALACE (SOVEREIGN) 239 DD TERGANTUNG LUCK UANG,LEPAR KOIN,15000,10,,LEMPAR KOIN SUN PALACE(SOVEREIGN)239 DD.png,1450
SWING WEB FOR LUCKY BLOCK - 1 BRAINROT ADMIN RANDOM 1QI/S+ TERGANTUNG REBIRTH (LANGSUNG SEPUH),SWING WEB FOR LUCKY BLOCK,10000,10,,SWING WEB BRAINROT ADMIN RANDOM 1QI.png,7
JATUH FOR BRAINROT - 1 BRAINROT RANDOM LV MAX  500N+/S,JATUH FOR BRAINROT,10000,15,,FALL FOR BRAINROT ETERNAL RANDOM 3 N.png,184
JATUH FOR BRAINROT - 1 BRAINROT RANDOM LV MAX  1DE+/S,JATUH FOR BRAINROT,15000,3,,FALL FOR BRAINROT BRAINROT RANDOM 1DE.png,184
JATUH FOR BRAINROT - 1 BRAINROT TRANSENDENT LV MAX 1UD+/S,JATUH FOR BRAINROT,30000,2,,FALL FOR BRAINROT TRANSENDENT RANDOM 1UD.png,184
BRAIN BLAST FOR LUCKY BLOCK - 1 BRAINROT RANDOM EMPEREYAN 40 QA+/S(TERGANTUNG REBIRTH) LV MAX,BRAIN BLAST FOR LUCKY BLOCK,10000,10,,BRAINBLAST EMPERAYAEN 40QA+.png,1027
BRAIN BLAST FOR LUCKY BLOCK - 2 BRAINROT RANDOM EMPEREYAN 40 QA+/S(TERGANTUNG REBIRTH) LV MAX,BRAIN BLAST FOR LUCKY BLOCK,15000,10,,BRAINBLAST EMPERAYAEN 40QA+.png,127
MINE PER KLICK - DAPAT 15 BATU 1 B,+ 1 MINE PER KLICK,10000,10,,MINE PER KLICK BATU 1 B.png,50
steal a brainrot-chat admin,steal a brainrot,0,0,YA,WhatsApp Image 2026-04-14 at 08.02.58.png,0
steal a brainrot-1 garam dan madung,steal a brainrot,50000,0,YA,WhatsApp Image 2026-04-17 at 13.13.31.png,0
token tsunami brainrot(300),token,10000,0,YA,token.png,1000
token tsunami brainrot(1000),token,30000,0,YA,token.png,500
token grow a garden(250),token,10000,0,YA,token.png,200
RUSH LUCKY BLOCK - 2 MALAM XEON 1.6T+/S LV MAX TERGANTUNG REBIRTH + BONUS,RUSH LUCKY BLOCK,10000,6,,RUSH LUCKY BLOCK XEON 1.6T.png,3254
RUSH LUCKY BLOCK - 4 MALAM XEON 1.6T+/S LV MAX TERGANTUNG REBIRTH + BONUS,RUSH LUCKY BLOCK,15000,6,,RUSH LUCKY BLOCK XEON 1.6T.png,3543
tendang block keberuntungan -DAPAT 1 brainrot ABYSALL COINATOR lv max 4.8Q/s(ASTRAL) sepuh langka,tendang block keberuntungan,10000,3,,KALB COIATOR ASTRAL 4.8Q.png,700
tendang block keberuntungan -DAPAT 2 brainrot ABYSALL COINATOR lv max 4.8Q/s(ASTRAL) sepuh langka,tendang block keberuntungan,15000,3,,KALB COIATOR ASTRAL 4.8Q.png,800
AYAM ANJAY,AYAM GORENG,50000,0,,https://drive.google.com/thumbnail?id=1OIJahQCxqkZyxHbBt0w2l4GFuTwJSqr7&sz=w1000,0
SEPEDA,AYAM GORENG,10000,6,,https://drive.google.com/thumbnail?id=1qp_myvuwr-arL9jP0HnWJqD17zteqy9P&sz=w1000,800
AYAMMMM,AYAM GORENG,60000,0,,https://drive.google.com/thumbnail?id=1Uq_Boju-JI-GOaYMtBEQRaloxUgOUi9Z&sz=w1000,6546
ANJAYYYYYY,AYAM GORENG,65000,0,,https://drive.google.com/thumbnail?id=1e9WIbWrJXRgiaoWyd2m9CtwGF6qrxe6V&sz=w1000,0
Katalog Kosong 6 - v5,Katalog Kosong 6,70000,0,,,0
Katalog Kosong 6 - v6,Katalog Kosong 6,75000,0,,,0
Katalog Kosong 6 - v7,Katalog Kosong 6,80000,0,,,0
Katalog Kosong 6 - v8,Katalog Kosong 6,85000,0,,,0
Katalog Kosong 6 - v9,Katalog Kosong 6,90000,0,,,0
Katalog Kosong 6 - v10,Katalog Kosong 6,95000,0,,,0
Katalog Kosong 7 - v1,Katalog Kosong 7,50000,0,,,0
Katalog Kosong 7 - v2,Katalog Kosong 7,55000,0,,,0
Katalog Kosong 7 - v3,Katalog Kosong 7,60000,0,,,0
Katalog Kosong 7 - v4,Katalog Kosong 7,65000,0,,,0
Katalog Kosong 7 - v5,Katalog Kosong 7,70000,0,,,0
Katalog Kosong 7 - v6,Katalog Kosong 7,75000,0,,,0
Katalog Kosong 7 - v7,Katalog Kosong 7,80000,0,,,0
Katalog Kosong 7 - v8,Katalog Kosong 7,85000,0,,,0
Katalog Kosong 7 - v9,Katalog Kosong 7,90000,0,,,0
Katalog Kosong 7 - v10,Katalog Kosong 7,95000,0,,,0
FWEFW,,10000,0,,https://drive.google.com/thumbnail?id=11waIcLuxzqUyDcj_gP2qk2wtbYTZDgvI&sz=w1000,0